nome,created_at,id
BMC Hyundai,2026-06-18 18:04:35.365929+00,2
Checklist Fácil,2026-06-18 18:04:35.365929+00,3
Grupo Premier Alimentos,2026-06-18 18:04:35.365929+00,4
Medika,2026-06-18 18:04:35.365929+00,5
OneGlobal,2026-06-18 18:04:35.365929+00,6
PROGIC,2026-06-18 18:04:35.365929+00,7
Sidrasul,2026-06-18 18:04:35.365929+00,8
Tecnogera,2026-06-18 18:04:35.365929+00,9
Urânia Planetário,2026-06-18 18:04:35.365929+00,10
Cartrom,2026-06-18 18:04:35.365929+00,20
Forma Turismo,2026-06-18 18:04:35.365929+00,21
Implantec,2026-06-18 18:04:35.365929+00,22
Hyperion Corretora,2026-06-18 18:04:35.365929+00,26
VerticalParts,2026-06-18 18:04:35.365929+00,27
Luma Digital,2026-06-19 23:12:55.268323+00,28
PADO,2026-06-18 18:04:35.365929+00,29
Tulípia Cosméticos,2026-06-18 18:04:35.365929+00,30
Velana,2026-06-18 18:04:35.365929+00,31
WaSpeed,2026-06-18 18:04:35.365929+00,32
GoGood,2026-06-18 18:04:35.365929+00,33
AMPCO,2026-06-18 18:04:35.365929+00,34
Ayko Tech,2026-06-18 18:04:35.365929+00,35
E-inscrição,2026-06-18 18:04:35.365929+00,36
Leadfy,2026-06-18 18:04:35.365929+00,37
Score Media,2026-06-18 18:04:35.365929+00,38
Persona,2026-06-18 18:04:35.365929+00,39
Vieira melo & lionello,2026-06-18 18:04:35.365929+00,40
PROESC,2026-06-18 18:04:35.365929+00,41
ACCION Sistemas,2026-06-18 18:04:35.365929+00,42
Inova CWB,2026-06-18 18:04:35.365929+00,43
Volt,2026-06-18 18:04:35.365929+00,44
Confiax Seguros,2026-06-18 18:04:35.365929+00,45
Synoro,2026-06-18 18:04:35.365929+00,47
Dynamis importadora,2026-06-18 18:04:35.365929+00,48
DryIT,2026-06-18 18:04:35.365929+00,49
Questor,2026-06-18 18:04:35.365929+00,50
Hostweb Data Center,2026-06-18 18:04:35.365929+00,51
TOTVS BRASIL CENTRAL,2026-06-18 18:04:35.365929+00,52
Talentos Consultoria,2026-06-18 18:04:35.365929+00,53
A Mais Imobiliária,2026-06-18 18:04:35.365929+00,54
Hub Inova+,2026-06-18 18:04:35.365929+00,55
TransconsultLog,2026-06-18 18:04:35.365929+00,56
Brinov Tecnologia,2026-06-18 18:04:35.365929+00,57
Galinari Advocacia,2026-06-18 18:04:35.365929+00,58
DBA,2026-06-18 18:04:35.365929+00,59
Mundo da Água,2026-06-18 18:04:35.365929+00,60
Grupo Tevunah,2026-06-18 18:04:35.365929+00,61
Flex Soluções,2026-06-18 18:04:35.365929+00,63
Popedi,2026-06-18 18:04:35.365929+00,64
Brands Lab,2026-06-18 18:04:35.365929+00,65
Global Solution 360,2026-06-18 18:04:35.365929+00,66
DV2,2026-06-18 18:04:35.365929+00,67
Simples Dental,2026-06-18 18:04:35.365929+00,68
Goose Educação,2026-06-18 18:04:35.365929+00,69
Clear Industria de Papéis,2026-06-18 18:04:35.365929+00,70
Aliar Consultoria,2026-06-18 18:04:35.365929+00,71
Cloudfy,2026-06-18 18:04:35.365929+00,72
Dynamox,2026-06-18 18:04:35.365929+00,73
Fancore,2026-06-18 18:04:35.365929+00,74
Spark,2026-06-18 18:04:35.365929+00,75
Bext,2026-06-18 18:04:35.365929+00,76
Cargo Sapiens,2026-06-18 18:04:35.365929+00,77
Kurier,2026-06-18 18:04:35.365929+00,78
Checkmob,2026-06-18 18:04:35.365929+00,79
Logithink,2026-06-18 18:04:35.365929+00,80
Monde,2026-06-18 18:04:35.365929+00,81
Imigrante Rico,2026-06-18 18:04:35.365929+00,82
CustomerX,2026-06-18 18:04:35.365929+00,83
Engeform,2026-06-18 18:04:35.365929+00,84
Ubeton,2026-06-18 18:04:35.365929+00,85
UpFlux,2026-06-18 18:04:35.365929+00,86
Konstroi,2026-06-18 18:04:35.365929+00,87
lievissimo,2026-06-19 23:13:20.13259+00,88
Clinipap,2026-06-18 18:04:35.365929+00,89
Goo! Life,2026-06-18 18:04:35.365929+00,90
AEVO,2026-06-18 18:04:35.365929+00,91
Nasajon,2026-06-18 18:04:35.365929+00,92
FastBuilt,2026-06-18 18:04:35.365929+00,93
Golden Cloud,2026-06-18 18:04:35.365929+00,94
WebMais,2026-06-18 18:04:35.365929+00,95
Baldussi Telecon,2026-06-18 18:04:35.365929+00,96
Emusys,2026-06-18 18:04:35.365929+00,97
Tintas Nacional,2026-06-18 18:04:35.365929+00,98
ACE ONLINE,2026-06-18 18:04:35.365929+00,99
Century Net,2026-06-18 18:04:35.365929+00,100
Afianci,2026-06-18 18:04:35.365929+00,102
Great People,2026-06-18 18:04:35.365929+00,103
OAC SOLAR,2026-06-18 18:04:35.365929+00,104
Revolutions IA,2026-06-18 18:04:35.365929+00,105
Shield Equipamentos,2026-06-18 18:04:35.365929+00,106
Êxito Trade Marketing,2026-06-18 18:04:35.365929+00,107
IndeCX,2026-06-18 18:04:35.365929+00,108
Arimoto,2026-06-18 18:04:35.365929+00,109
Flowbiz Tecnologia,2026-06-18 18:04:35.365929+00,110
Megasolutions tecnologia,2026-06-18 18:04:35.365929+00,111
Texneo,2026-06-18 18:04:35.365929+00,112
Magis5,2026-06-18 18:04:35.365929+00,113
MILVUS,2026-06-18 18:04:35.365929+00,114
ACS Pro,2026-06-18 18:04:35.365929+00,115
PiperHub,2026-06-18 18:04:35.365929+00,116
Kaizen Solutions,2026-06-18 18:04:35.365929+00,117
Manager One,2026-06-18 18:04:35.365929+00,118
Full Vision,2026-06-18 18:04:35.365929+00,119
Nelsys Solutions,2026-06-18 18:04:35.365929+00,120
Nardin Seguros,2026-06-18 18:04:35.365929+00,121
Net.com,2026-06-18 18:04:35.365929+00,122
Voximplant,2026-06-18 18:04:35.365929+00,123
Teruya,2026-06-18 18:04:35.365929+00,124
Umbler,2026-06-18 18:04:35.365929+00,126
Agromed Patent Brazil,2026-06-18 18:04:35.365929+00,129
Innovc,2026-06-18 18:04:35.365929+00,130
Veezor,2026-06-18 18:04:35.365929+00,131
Advice Company,2026-06-18 18:04:35.365929+00,132
Multibelt,2026-06-18 18:04:35.365929+00,133
Valeti App,2026-06-18 18:04:35.365929+00,134
Comunitive,2026-06-18 18:04:35.365929+00,135
ADVISE,2026-06-18 18:04:35.365929+00,136
WGK,2026-06-18 18:04:35.365929+00,137
Alta Geotecnia,2026-06-18 18:04:35.365929+00,138
You RH,2026-06-18 18:04:35.365929+00,139
LSB,2026-06-18 18:04:35.365929+00,140
Jexperts,2026-06-18 18:04:35.365929+00,142
Estuda.com,2026-06-18 18:04:35.365929+00,143
Alpha cm,2026-06-18 18:04:35.365929+00,145
Apollo Ônibus,2026-06-18 18:04:35.365929+00,147
Danka,2026-06-18 18:04:35.365929+00,148
Tech-Ind,2026-06-18 18:04:35.365929+00,150
Runrun.it,2026-06-18 18:04:35.365929+00,151
Agrocomm Comércio Importaçao e Exportação LTDA,2026-06-18 18:04:35.365929+00,152
SambaTech,2026-06-18 18:04:35.365929+00,153
Conta Simples,2026-06-18 18:04:35.365929+00,155
Imagem Geosistemas,2026-06-18 18:04:35.365929+00,156
Gradisa,2026-06-18 18:04:35.365929+00,157
Turn2C,2026-06-18 18:04:35.365929+00,158
Eaí,2026-06-18 18:04:35.365929+00,159
Nobre Embalagem,2026-06-18 18:04:35.365929+00,160
Localize,2026-06-18 18:04:35.365929+00,161
Meta.X,2026-06-18 18:04:35.365929+00,162
Autonomoz,2026-06-18 18:04:35.365929+00,163
Bistex,2026-06-18 18:04:35.365929+00,164
TotalPass,2026-06-18 18:04:35.365929+00,165
Gismar,2026-06-18 18:04:35.365929+00,166
ASSIS E SIQUEIRA ADV,2026-06-18 18:04:35.365929+00,167
Predialize,2026-06-18 18:04:35.365929+00,169
BS Seguros,2026-06-18 18:04:35.365929+00,170
Rio Frame,2026-06-18 18:04:35.365929+00,171
Sygecom,2026-06-18 18:04:35.365929+00,172
Centric Solutions,2026-06-18 18:04:35.365929+00,173
Becomex,2026-06-18 18:04:35.365929+00,174
Viabilizze,2026-06-18 18:04:35.365929+00,175
Go Advogados,2026-06-18 18:04:35.365929+00,176
CSP Tech,2026-06-18 18:04:35.365929+00,177
Merconorte,2026-06-18 18:04:35.365929+00,178
Ortobom,2026-06-18 18:04:35.365929+00,179
Strada Mobi,2026-06-18 18:04:35.365929+00,180
ContaDR,2026-06-18 18:04:35.365929+00,181
Kamino,2026-06-18 18:04:35.365929+00,182
VendPago,2026-06-18 18:04:35.365929+00,183
Dumont's,2026-06-18 18:04:35.365929+00,184
Syllos Company,2026-06-18 18:04:35.365929+00,185
Bravio Pack,2026-06-18 18:04:35.365929+00,186
Intelbras,2026-06-18 18:04:35.365929+00,187
Ideia Consultoria,2026-06-18 18:04:35.365929+00,188
Utilit Marketing,2026-06-18 18:04:35.365929+00,190
JA Saúde Animal,2026-06-18 18:04:35.365929+00,191
Nobre Gráfica,2026-06-19 23:14:02.595363+00,192
SoftExpert,2026-06-18 18:04:35.365929+00,193
WLE,2026-06-18 18:04:35.365929+00,194
Targit Brasil,2026-06-18 18:04:35.365929+00,196
Clinica Experts,2026-06-18 18:04:35.365929+00,197
Cobmais,2026-06-18 18:04:35.365929+00,198
Auto Elétrica Luminosa,2026-06-18 18:04:35.365929+00,200
Grupo Lefor,2026-06-18 18:04:35.365929+00,201
Zoho,2026-06-18 18:04:35.365929+00,202
Grupo Vocical,2026-06-18 18:04:35.365929+00,203
Okser,2026-06-18 18:04:35.365929+00,204
L5 Networks,2026-06-18 18:04:35.365929+00,205
oTicket,2026-06-18 18:04:35.365929+00,207
Discoverpay,2026-06-18 18:04:35.365929+00,208
Apetece,2026-06-18 18:04:35.365929+00,210
App Sistemas,2026-06-18 18:04:35.365929+00,211
Reufy,2026-06-18 18:04:35.365929+00,212
Hellner,2026-06-18 18:04:35.365929+00,213
Rc Dental Med,2026-06-18 18:04:35.365929+00,214
Saavedra,2026-06-18 18:04:35.365929+00,215
Hartbau,2026-06-18 18:04:35.365929+00,216
Volk do Brasil,2026-06-18 18:04:35.365929+00,217
Compostos do Brasil,2026-06-18 18:04:35.365929+00,218
Conexão Sistemas de Próteses,2026-06-18 18:04:35.365929+00,219
Innovo,2026-06-18 18:04:35.365929+00,220
Expanzio,2026-06-18 18:04:35.365929+00,221
TNU SISTEMAS,2026-06-18 18:04:35.365929+00,223
Opentech,2026-06-18 18:04:35.365929+00,224
Onbeef,2026-06-18 18:04:35.365929+00,225
KMM,2026-06-18 18:04:35.365929+00,226
Lecheloco,2026-06-18 18:04:35.365929+00,227
Jalan,2026-06-18 18:04:35.365929+00,228
AlugueON,2026-06-18 18:04:35.365929+00,229
F5 Conecta,2026-06-18 18:04:35.365929+00,230
Publicações Online,2026-06-18 18:04:35.365929+00,231
Trust Control,2026-06-18 18:04:35.365929+00,232
Zapper,2026-06-18 18:04:35.365929+00,233
Irani Papel e Embalagem SC,2026-06-18 18:04:35.365929+00,234
Enkel,2026-06-18 18:04:35.365929+00,235
Altave,2026-06-18 18:04:35.365929+00,236
Vox2You,2026-06-18 18:04:35.365929+00,237
TOTVS,2026-06-18 18:04:35.365929+00,238
Retema,2026-06-18 18:04:35.365929+00,239
C.I.R.O,2026-06-18 18:04:35.365929+00,240
B2C,2026-06-19 22:53:51.783523+00,242
Mistral,2026-06-18 18:04:35.365929+00,243
Adcos,2026-06-18 18:04:35.365929+00,244
Sinch,2026-06-18 18:04:35.365929+00,245
Couto Tech - Soluções Energeticas,2026-06-18 18:04:35.365929+00,246
Ds2u,2026-06-18 18:04:35.365929+00,247
Inntecnet,2026-06-18 18:04:35.365929+00,248
SprintHub,2026-06-18 18:04:35.365929+00,249
Londrilimp,2026-06-18 18:04:35.365929+00,250
Timm Leilões,2026-06-18 18:04:35.365929+00,251
Omni Assessoria,2026-06-18 18:04:35.365929+00,252
BBM Logística,2026-06-18 18:04:35.365929+00,254
Sólides,2026-06-18 18:04:35.365929+00,255
Nexperti,2026-06-18 18:04:35.365929+00,256
Shalom,2026-06-18 18:04:35.365929+00,257
Nema,2026-06-18 18:04:35.365929+00,258
Oximed,2026-06-18 18:04:35.365929+00,259
Fotovolt,2026-06-18 18:04:35.365929+00,260
Take Leads,2026-06-18 18:04:35.365929+00,261
Canna,2026-06-18 18:04:35.365929+00,262
Cartosul Embalagens,2026-06-18 18:04:35.365929+00,263
VinhoTinta,2026-06-18 18:04:35.365929+00,264
My Fit Mood,2026-06-18 18:04:35.365929+00,265
COPPERMETAL,2026-06-18 18:04:35.365929+00,266
WATI,2026-06-18 18:04:35.365929+00,267
Eventesse,2026-06-18 18:04:35.365929+00,268
Mainetti,2026-06-18 18:04:35.365929+00,269
Mais Saude,2026-06-18 18:04:35.365929+00,270
Attos,2026-06-18 18:04:35.365929+00,271
Elephan,2026-06-18 18:04:35.365929+00,272
MSXI,2026-06-18 18:04:35.365929+00,273
Provale,2026-06-18 18:04:35.365929+00,274
Candy Clean,2026-06-18 18:04:35.365929+00,275
NewSoft,2026-06-18 18:04:35.365929+00,276
LID Travel Viagens e Turismo,2026-06-18 18:04:35.365929+00,277
Cerâmica City,2026-06-18 18:04:35.365929+00,278
R&Damasco,2026-06-18 18:04:35.365929+00,279
Baggio,2026-06-18 18:04:35.365929+00,280
HarmonizaPro,2026-06-18 18:04:35.365929+00,281
Up Gestão,2026-06-18 18:04:35.365929+00,283
Kedu,2026-06-18 18:04:35.365929+00,284
KX3,2026-06-18 18:04:35.365929+00,285
NW Group,2026-06-18 18:04:35.365929+00,286
Innovatis,2026-06-18 18:04:35.365929+00,287
Caminhos de Equidade,2026-06-18 18:04:35.365929+00,288
Celmar abc,2026-06-18 18:04:35.365929+00,289
Bakken Hospitalar,2026-06-18 18:04:35.365929+00,290
Flyus Assessoria,2026-06-18 18:04:35.365929+00,291
Foursales,2026-06-18 18:04:35.365929+00,293
HSM,2026-06-18 18:04:35.365929+00,294
Transfast,2026-06-18 18:04:35.365929+00,295
Bravo Cargo,2026-06-18 18:04:35.365929+00,296
Esquadrias Brasil,2026-06-18 18:04:35.365929+00,297
Zeev,2026-06-18 18:04:35.365929+00,298
Texcal,2026-06-18 18:04:35.365929+00,299
Assis distribuidora de frutas Ltda,2026-06-18 18:04:35.365929+00,300
Plug Componentes,2026-06-18 18:04:35.365929+00,301
Textlover,2026-06-18 18:04:35.365929+00,302
Aditum,2026-06-18 18:04:35.365929+00,303
Lolis Transportes,2026-06-18 18:04:35.365929+00,305
Panettiere,2026-06-18 18:04:35.365929+00,306
Alabarse frutas,2026-06-18 18:04:35.365929+00,308
Kits & Requintes,2026-06-18 18:04:35.365929+00,309
Alpha Piscinas,2026-06-18 18:04:35.365929+00,310
EFCAZ,2026-06-18 18:04:35.365929+00,311
MeetRox,2026-06-18 18:04:35.365929+00,313
Souza Enokida,2026-06-18 18:04:35.365929+00,314
GestaoDS,2026-06-18 18:04:35.365929+00,315
Robustec,2026-06-18 18:04:35.365929+00,316
CRM7,2026-06-18 18:04:35.365929+00,317
Ideal Companny,2026-06-18 18:04:35.365929+00,318
Wiadupla,2026-06-18 18:04:35.365929+00,319
Saboroso,2026-06-18 18:04:35.365929+00,320
Oxy Camara,2026-06-18 18:04:35.365929+00,321
Higra Mining,2026-06-18 18:04:35.365929+00,322
Tríade Engenharia,2026-06-18 18:04:35.365929+00,323
Wiki,2026-06-18 18:04:35.365929+00,324
Day2day,2026-06-18 18:04:35.365929+00,325
Barte,2026-06-18 18:04:35.365929+00,326
MOVIX,2026-06-18 18:04:35.365929+00,327
Briskcom Ltda,2026-06-18 18:04:35.365929+00,330
Simples Brindes,2026-06-18 18:04:35.365929+00,331
Rede Imagem,2026-06-18 18:04:35.365929+00,332
Just Travel,2026-06-18 18:04:35.365929+00,333
Batuca,2026-06-18 18:04:35.365929+00,334
Avivatec,2026-06-18 18:04:35.365929+00,335
Bússola Social,2026-06-18 18:04:35.365929+00,336
Hiper Cesta Comercio Cesta básica Ltda,2026-06-18 18:04:35.365929+00,337
CM2,2026-06-18 18:04:35.365929+00,338
2P Group,2026-06-18 18:04:35.365929+00,339
York Digital,2026-06-18 18:04:35.365929+00,340
iGalpões,2026-06-18 18:04:35.365929+00,341
Forsa Brasil,2026-06-18 18:04:35.365929+00,342
Metlife,2026-06-18 18:04:35.365929+00,343
Bluefields,2026-06-18 18:04:35.365929+00,344
Movti,2026-06-18 18:04:35.365929+00,345
Saber Educação,2026-06-18 18:04:35.365929+00,346
Lydia,2026-06-18 18:04:35.365929+00,347
Maxi Force,2026-06-18 18:04:35.365929+00,349
Caelimp,2026-06-18 18:04:35.365929+00,350
StartGov,2026-06-18 18:04:35.365929+00,351
Pag util,2026-06-18 18:04:35.365929+00,353
Boa Digital,2026-06-18 18:04:35.365929+00,354
Gleebem,2026-06-18 18:04:35.365929+00,355
Intexfy,2026-06-18 18:04:35.365929+00,356
Woovi,2026-06-18 18:04:35.365929+00,357
Mercafacil,2026-06-18 18:04:35.365929+00,358
Oten Tecnologia,2026-06-18 18:04:35.365929+00,359
LH Soluções,2026-06-18 18:04:35.365929+00,360
Ultrafitas,2026-06-18 18:04:35.365929+00,361
SPS Segurança,2026-06-18 18:04:35.365929+00,362
Cloudster,2026-06-18 18:04:35.365929+00,363
Quark,2026-06-18 18:04:35.365929+00,364
Melbourne Engenharia,2026-06-18 18:04:35.365929+00,365
Falavinha Next,2026-06-18 18:04:35.365929+00,366
M2D Telecom,2026-06-18 18:04:35.365929+00,367
Armando Pneus,2026-06-18 18:04:35.365929+00,368
Veritas,2026-06-18 18:04:35.365929+00,369
CEM,2026-06-18 18:04:35.365929+00,370
Ayo entregas,2026-06-18 18:04:35.365929+00,371
LEMA,2026-06-18 18:04:35.365929+00,372
AF Marketing,2026-06-18 18:04:35.365929+00,373
Max Protection,2026-06-18 18:04:35.365929+00,374
LeadHunter,2026-06-18 18:04:35.365929+00,375
Voip do Brasil,2026-06-18 18:04:35.365929+00,376
Agência DM Pixels,2026-06-18 18:04:35.365929+00,377
S2M Consultoria,2026-06-18 18:04:35.365929+00,378
Agrare Gestor Rural,2026-06-18 18:04:35.365929+00,379
Redarbor,2026-06-18 18:04:35.365929+00,380
X-ONE Brasil,2026-06-18 18:04:35.365929+00,381
Catho,2026-06-18 18:04:35.365929+00,382
EZ4,2026-06-18 18:04:35.365929+00,383
Grupo Skill,2026-06-18 18:04:35.365929+00,384
Star Diesel,2026-06-18 18:04:35.365929+00,385
Vital,2026-06-18 18:04:35.365929+00,386
Databem,2026-07-14 19:53:56.984849+00,387
RvOps,2026-07-14 19:53:56.984849+00,389
SalesHunter,2026-07-14 19:53:56.984849+00,390
Studio Kore,2026-07-14 19:53:56.984849+00,393
Win Distribuidora,2026-07-14 19:53:56.984849+00,395
PTA Rental,2026-07-14 19:53:56.984849+00,396
Carioli Engenharia,2026-07-14 19:53:56.984849+00,397
IDVLabs,2026-07-14 19:53:56.984849+00,398
Determix Comercial,2026-07-14 19:53:56.984849+00,399
Opus127,2026-07-14 19:53:56.984849+00,400
Bivox,2026-07-14 19:53:56.984849+00,401
Qualisign,2026-07-14 19:53:56.984849+00,403
Grupo Dom Bosco,2026-07-14 19:53:56.984849+00,404
MPL Seguros,2026-07-14 19:53:56.984849+00,405
Aspprev,2026-07-14 19:53:56.984849+00,406
Imperbrás,2026-07-14 19:53:56.984849+00,407
Mantomac,2026-07-14 19:53:56.984849+00,408
Timol,2026-07-14 19:53:56.984849+00,409
Itera,2026-07-14 19:53:56.984849+00,416
Prs Tecnologia,2026-07-14 19:53:56.984849+00,417
Transformação Digital,2026-07-14 19:53:56.984849+00,418
RedMinds,2026-07-14 19:53:56.984849+00,419
Captei,2026-07-14 19:53:56.984849+00,421
Masterboard,2026-07-14 19:53:56.984849+00,422
MidFalconi,2026-07-14 19:53:56.984849+00,426
t-access,2026-07-14 19:53:56.984849+00,427
Lalan do Brasil,2026-08-11 19:59:54.489459+00,428
Prospercapital,2026-07-14 19:53:56.984849+00,430
WebRota,2026-07-14 19:53:56.984849+00,431
MRS Advogados,2026-07-14 19:53:56.984849+00,438
Semelc,2026-07-14 19:53:56.984849+00,439
Brasmo,2026-06-18 18:04:35.365929+00,440
Smart NX,2026-07-14 19:53:56.984849+00,441
Sonangol,2026-07-14 19:53:56.984849+00,442
RBR Extintores,2026-07-14 19:53:56.984849+00,443
Grupo Decio,2026-07-14 19:53:56.984849+00,444
Thomson Reuters,2026-07-14 19:53:56.984849+00,445
PUCPR,2026-07-14 19:53:56.984849+00,446
ITS Tecnologia,2026-08-11 18:45:38.366116+00,447
WR Automação,2026-08-11 20:04:45.384037+00,448
Accelera 360,2026-08-11 18:45:38.366116+00,454
Luza Group,2026-08-11 19:56:59.226746+00,455
RLX Importe,2026-08-11 18:45:38.366116+00,456
Pantanal Engenharia& Energia solar,2026-08-11 18:45:38.366116+00,457
Sumedical,2026-08-11 18:45:38.366116+00,458
Revfy,2026-08-11 18:45:38.366116+00,459
WRID Importadora e Distribuidora,2026-08-11 18:45:38.366116+00,460
Carefy,2026-08-11 18:45:38.366116+00,461
GBF,2026-08-11 18:45:38.366116+00,462
Lince Tech,2026-08-11 20:02:44.097558+00,463
Alvor,2026-08-11 18:45:38.366116+00,464
AWA,2026-08-11 18:45:38.366116+00,465
Magno Barth Advogados,2026-08-11 18:45:38.366116+00,466
Meta Treinamentos,2026-08-11 18:45:38.366116+00,467
Escritório imobiliário Inserra,2026-08-11 18:45:38.366116+00,468
Mexx,2026-08-11 18:45:38.366116+00,469
Grupo Eletrolar,2026-08-11 18:45:38.366116+00,470
9energia,2026-08-11 18:45:38.366116+00,471
FAC Engenharia,2026-08-11 18:45:38.366116+00,472
Expo D. Pedro,2026-08-11 18:45:38.366116+00,473
Grupo Sem Parar,2026-08-11 18:45:38.366116+00,474
Unico Skill,2026-08-11 18:45:38.366116+00,475
Pipe MND,2026-08-11 18:45:38.366116+00,476
IGA,2026-08-11 18:45:38.366116+00,477
Mentoraflow,2026-08-11 18:45:38.366116+00,482
Sauté Salgados,2026-09-09 16:57:25.65746+00,486
Costa e Sampaio,2026-09-09 17:59:59.961268+00,487
FocalTax,2026-09-09 16:57:25.65746+00,488
Bodipasa,2026-09-09 16:57:25.65746+00,491
Facenter,2026-09-09 16:57:25.65746+00,492
RAD Advogados,2026-09-09 16:57:25.65746+00,493
Vtech Consulting,2026-09-09 16:57:25.65746+00,495
Iridium,2026-09-09 16:57:25.65746+00,496
Growmate,2026-09-09 16:57:25.65746+00,497
IMED,2026-09-09 16:57:25.65746+00,498
Ziviz Brasil,2026-09-09 16:57:25.65746+00,500
TMI Mice,2026-09-09 16:57:25.65746+00,502
VMK Holding,2026-09-09 17:10:55.487997+00,503
Polen,2026-09-09 16:57:25.65746+00,505
Somos,2026-09-09 16:57:25.65746+00,506
JC Ferramentas,2026-09-09 16:57:25.65746+00,507
Inovamotion,2026-09-09 16:57:25.65746+00,508
TTMS,2026-09-09 16:57:25.65746+00,509
HunterHero,2026-09-09 16:57:25.65746+00,510
Tránsmobil,2026-09-09 16:57:25.65746+00,511
Casa do Construtor,2026-09-09 16:57:25.65746+00,513
3C PLUS,2026-06-18 18:04:35.365929+00,20001
3it Consultoria,2026-06-18 18:04:35.365929+00,20002
4.0 Representações,2026-06-18 18:04:35.365929+00,20003
A Raiz da Solução,2026-06-18 18:04:35.365929+00,20004
A27,2026-06-18 18:04:35.365929+00,20005
ABBIAMO LOG,2026-06-18 18:04:35.365929+00,20006
Academia de Metas,2026-06-18 18:04:35.365929+00,20007
Academia Effatha,2026-06-18 18:04:35.365929+00,20008
Aceex,2026-06-18 18:04:35.365929+00,20009
Acquateria,2026-06-18 18:04:35.365929+00,20010
ACSoftware,2026-06-18 18:04:35.365929+00,20011
ACT Tecnologia,2026-06-18 18:04:35.365929+00,20012
ActiveView,2026-06-18 18:04:35.365929+00,20013
Addiante,2026-06-18 18:04:35.365929+00,20014
Advantage Marketing Integrado,2026-06-18 18:04:35.365929+00,20015
AEON VR,2026-06-18 18:04:35.365929+00,20016
Agestio,2026-06-18 18:04:35.365929+00,20017
Agger,2026-06-18 18:04:35.365929+00,20018
AGM Leilões,2026-06-19 22:49:11.534102+00,20019
Agrogerais,2026-06-18 18:04:35.365929+00,20020
Agência NATU,2026-06-18 18:04:35.365929+00,20021
Aindata,2026-06-18 18:04:35.365929+00,20022
Algar,2026-06-19 22:51:27.606682+00,20023
Aliant,2026-06-18 18:04:35.365929+00,20024
Alloy,2026-06-18 18:04:35.365929+00,20025
Allya,2026-06-18 18:04:35.365929+00,20026
Almata Química,2026-06-18 18:04:35.365929+00,20027
"Als Global ",2026-06-19 22:52:20.668771+00,20028
AlterVision,2026-06-18 18:04:35.365929+00,20029
Alura+FIAP,2026-06-18 18:04:35.365929+00,20030
Alva Personal Care,2026-06-18 18:04:35.365929+00,20031
AMARketing & Vendas,2026-06-18 18:04:35.365929+00,20032
American Burrs,2026-06-18 18:04:35.365929+00,20033
Amicci,2026-06-18 18:04:35.365929+00,20034
Amidos Fantuci Ltda,2026-06-18 18:04:35.365929+00,20035
Amplifica Digital,2026-06-18 18:04:35.365929+00,20036
AMSi,2026-06-18 18:04:35.365929+00,20037
Aprimorar,2026-06-18 18:04:35.365929+00,20038
Art Cable,2026-06-18 18:04:35.365929+00,20039
ASB Marketing,2026-06-18 18:04:35.365929+00,20040
Ascendra,2026-06-18 18:04:35.365929+00,20041
Atados,2026-06-18 18:04:35.365929+00,20043
Atendare,2026-06-18 18:04:35.365929+00,20044
Athletic Vision Fitness,2026-06-18 18:04:35.365929+00,20045
Ativa Energia,2026-06-18 18:04:35.365929+00,20046
Austros,2026-06-18 18:04:35.365929+00,20047
Auten Energy,2026-06-18 18:04:35.365929+00,20048
AWTP,2026-06-18 18:04:35.365929+00,20049
Azienda,2026-06-18 18:04:35.365929+00,20050
Base Viral,2026-06-18 18:04:35.365929+00,20051
Belafit,2026-06-18 18:04:35.365929+00,20053
Bene Tu,2026-06-18 18:04:35.365929+00,20054
Beza Creative,2026-06-18 18:04:35.365929+00,20055
Bloxs,2026-06-18 18:04:35.365929+00,20056
Bluepay,2026-06-18 18:04:35.365929+00,20057
Blump,2026-06-18 18:04:35.365929+00,20058
BMD Têxteis,2026-06-18 18:04:35.365929+00,20059
BOABASE,2026-06-18 18:04:35.365929+00,20060
BOOBAM,2026-06-18 18:04:35.365929+00,20061
Br24,2026-06-18 18:04:35.365929+00,20062
Br7 Sistemas de Armazenagem Ltda,2026-06-18 18:04:35.365929+00,20063
Brave Educação,2026-06-18 18:04:35.365929+00,20065
Bright Medical,2026-06-18 18:04:35.365929+00,20066
Buonny,2026-06-18 18:04:35.365929+00,20068
Buzz Luxury Home,2026-06-18 18:04:35.365929+00,20069
C&M Executive,2026-06-18 18:04:35.365929+00,20070
c4ocupacional,2026-06-19 22:55:12.264544+00,20071
Cacau Foods,2026-06-18 18:04:35.365929+00,20072
Caiado,2026-06-18 18:04:35.365929+00,20073
Caiafa Advogados,2026-06-18 18:04:35.365929+00,20074
Caju,2026-06-18 18:04:35.365929+00,20075
Capacity Gestão de Pessoas,2026-06-18 18:04:35.365929+00,20076
Casa Yba,2026-06-18 18:04:35.365929+00,20077
CEQUIP,2026-06-18 18:04:35.365929+00,20078
CGR Sociedade de Advogados,2026-06-18 18:04:35.365929+00,20080
ChatGuru,2026-06-18 18:04:35.365929+00,20081
CHINALINK,2026-06-18 18:04:35.365929+00,20082
Cia de Resultados,2026-06-18 18:04:35.365929+00,20083
CicloInvest,2026-06-18 18:04:35.365929+00,20084
Clickmix Digital,2026-06-18 18:04:35.365929+00,20085
Climoo,2026-06-18 18:04:35.365929+00,20086
Close Care,2026-06-18 18:04:35.365929+00,20087
Clínica Romana,2026-06-18 18:04:35.365929+00,20088
Codize,2026-06-18 18:04:35.365929+00,20089
ComoRegistrar,2026-06-18 18:04:35.365929+00,20090
Compass,2026-06-18 18:04:35.365929+00,20091
Compensados Pereira,2026-06-18 18:04:35.365929+00,20092
Conexões de negócio,2026-06-18 18:04:35.365929+00,20093
CONSYST SISTEMAS,2026-06-18 18:04:35.365929+00,20094
Contmatic,2026-06-18 18:04:35.365929+00,20095
Control Gestão,2026-06-18 18:04:35.365929+00,20096
Corretora Amor a Vida,2026-06-18 18:04:35.365929+00,20097
Crescento,2026-06-18 18:04:35.365929+00,20098
CRM PipeRun,2026-06-18 18:04:35.365929+00,20099
CRM Think,2026-06-18 18:04:35.365929+00,20100
CST Consultoria,2026-06-18 18:04:35.365929+00,20101
Cubos,2026-06-19 22:57:29.595634+00,20102
Cupola,2026-06-18 18:04:35.365929+00,20103
CV CRM,2026-06-18 18:04:35.365929+00,20104
CV Log Internacional Ltda,2026-06-18 18:04:35.365929+00,20105
D4Sign,2026-06-18 18:04:35.365929+00,20106
Data4company,2026-06-18 18:04:35.365929+00,20107
DATAFRETE,2026-06-18 18:04:35.365929+00,20108
Datamize,2026-06-18 18:04:35.365929+00,20109
Datasigh,2026-06-18 18:04:35.365929+00,20110
De Biasi,2026-06-18 18:04:35.365929+00,20111
Dedo brinquedo,2026-06-18 18:04:35.365929+00,20112
Deliveryvip,2026-06-18 18:04:35.365929+00,20113
Destaque Consórcios,2026-06-18 18:04:35.365929+00,20114
Digi Office,2026-06-18 18:04:35.365929+00,20115
digi2b,2026-06-18 18:04:35.365929+00,20116
Digital Manager Guru,2026-06-18 18:04:35.365929+00,20117
Dinâmica Serviços,2026-06-18 18:04:35.365929+00,20118
Dismotor,2026-06-18 18:04:35.365929+00,20119
Dispaseg,2026-06-18 18:04:35.365929+00,20120
Disrupty,2026-06-18 18:04:35.365929+00,20121
DOCNIX,2026-06-18 18:04:35.365929+00,20122
Dominus Evangelização e Marketing,2026-06-18 18:04:35.365929+00,20123
Don Consultoria Estratégica,2026-06-18 18:04:35.365929+00,20124
Donos de restaurantes,2026-06-18 18:04:35.365929+00,20125
DQRTech,2026-06-18 18:04:35.365929+00,20126
driv.in,2026-06-18 18:04:35.365929+00,20127
Driva,2026-06-18 18:04:35.365929+00,20128
Droz,2026-06-18 18:04:35.365929+00,20129
Drummond Advisors,2026-06-18 18:04:35.365929+00,20130
Dêvi Bebidas Naturais,2026-06-18 18:04:35.365929+00,20131
E AI Educa,2026-06-18 18:04:35.365929+00,20132
EcomSmart,2026-06-18 18:04:35.365929+00,20133
eCondos,2026-06-18 18:04:35.365929+00,20134
Editora Mundo Cristão,2026-06-18 18:04:35.365929+00,20135
Eemovel Agro,2026-06-18 18:04:35.365929+00,20136
EFF+LAB,2026-06-18 18:04:35.365929+00,20137
Ekilibre,2026-06-18 18:04:35.365929+00,20138
Ekyte,2026-06-18 18:04:35.365929+00,20139
Elebbre,2026-06-18 18:04:35.365929+00,20140
Eletrosolda,2026-06-18 18:04:35.365929+00,20141
Embracon,2026-06-18 18:04:35.365929+00,20142
ENERGETIC,2026-06-18 18:04:35.365929+00,20143
Energy Summit,2026-06-18 18:04:35.365929+00,20144
Engenharia do Ecommerce,2026-06-18 18:04:35.365929+00,20146
Escalab,2026-06-18 18:04:35.365929+00,20147
Escola Exchange,2026-06-19 23:01:11.743406+00,20148
Escritorio Inteligente,2026-06-18 18:04:35.365929+00,20149
Estudio like,2026-06-18 18:04:35.365929+00,20151
ETC Filmes,2026-06-18 18:04:35.365929+00,20152
Eternity Energia,2026-06-18 18:04:35.365929+00,20153
EVA People,2026-06-18 18:04:35.365929+00,20154
Expert Integrado,2026-06-18 18:04:35.365929+00,20155
Exx Nutrition,2026-06-18 18:04:35.365929+00,20157
Ez Soft,2026-06-18 18:04:35.365929+00,20158
Facilit'air,2026-06-18 18:04:35.365929+00,20159
Felicittá Ambientes,2026-06-18 18:04:35.365929+00,20160
Ferias&Co,2026-06-18 18:04:35.365929+00,20161
FEX Ferro e Aço,2026-06-18 18:04:35.365929+00,20162
Fiscan,2026-06-18 18:04:35.365929+00,20163
Fisco Brasil,2026-06-18 18:04:35.365929+00,20164
Foco traduções,2026-06-18 18:04:35.365929+00,20165
Frimil Beef,2026-06-18 18:04:35.365929+00,20166
FRN CUBO,2026-06-18 18:04:35.365929+00,20167
FRONTSYS SISTEMAS,2026-06-18 18:04:35.365929+00,20168
FábricaDS,2026-06-18 18:04:35.365929+00,20169
Gaia consulting,2026-06-18 18:04:35.365929+00,20170
Ganbatte,2026-06-18 18:04:35.365929+00,20171
Gasola,2026-06-18 18:04:35.365929+00,20172
GAUCHA,2026-06-18 18:04:35.365929+00,20173
Gen,2026-06-18 18:04:35.365929+00,20174
GEP Compliance,2026-06-18 18:04:35.365929+00,20175
GERAES,2026-06-18 18:04:35.365929+00,20176
Gestor Shop,2026-06-18 18:04:35.365929+00,20177
GigaTelecom,2026-06-18 18:04:35.365929+00,20179
Glim,2026-06-18 18:04:35.365929+00,20180
Globalsys,2026-06-18 18:04:35.365929+00,20181
GoTo,2026-06-18 18:04:35.365929+00,20182
Gove Digital,2026-06-18 18:04:35.365929+00,20183
Grand SST,2026-06-18 18:04:35.365929+00,20184
Green Solaris,2026-06-18 18:04:35.365929+00,20185
GreenLegis,2026-06-18 18:04:35.365929+00,20186
Gripmaster,2026-06-18 18:04:35.365929+00,20187
Groways,2026-06-18 18:04:35.365929+00,20188
Grupo 3SA,2026-06-18 18:04:35.365929+00,20189
Grupo Brinox,2026-06-18 18:04:35.365929+00,20190
Grupo Crosser,2026-06-18 18:04:35.365929+00,20191
Grupo Formento,2026-06-18 18:04:35.365929+00,20192
Grupo Poção Mágica,2026-06-18 18:04:35.365929+00,20193
Grupo Richter,2026-06-18 18:04:35.365929+00,20194
Grupo RR,2026-06-18 18:04:35.365929+00,20195
Grupo Value,2026-06-18 18:04:35.365929+00,20196
Gupy,2026-06-18 18:04:35.365929+00,20197
Gzv Solutions,2026-06-19 23:16:23.05151+00,20198
HAENKE,2026-06-18 18:04:35.365929+00,20199
HairFly,2026-06-18 18:04:35.365929+00,20201
Hidrau Máquinas,2026-06-18 18:04:35.365929+00,20202
Hidroall,2026-06-18 18:04:35.365929+00,20203
High Media,2026-06-18 18:04:35.365929+00,20204
Hiper,2026-06-18 18:04:35.365929+00,20205
Home Agent,2026-06-18 18:04:35.365929+00,20206
HorusBI,2026-06-18 18:04:35.365929+00,20207
HRA Engenharia,2026-06-18 18:04:35.365929+00,20208
Hub4pay,2026-06-18 18:04:35.365929+00,20209
Hublocal,2026-06-18 18:04:35.365929+00,20211
Humtech RH,2026-06-18 18:04:35.365929+00,20212
Hytec Automação,2026-06-19 23:17:50.334603+00,20213
Hórus Consulting,2026-06-18 18:04:35.365929+00,20214
Ibrascan,2026-06-18 18:04:35.365929+00,20215
Icom Marketing,2026-06-19 23:18:17.648073+00,20216
Idwall,2026-06-18 18:04:35.365929+00,20217
Ifood Benefícios,2026-06-18 18:04:35.365929+00,20218
Impora Company,2026-06-18 18:04:35.365929+00,20219
ImpulseUP,2026-06-18 18:04:35.365929+00,20220
Incandescente,2026-06-18 18:04:35.365929+00,20221
incentive.me,2026-06-18 18:04:35.365929+00,20222
Independence Negócios Imobiliários,2026-06-18 18:04:35.365929+00,20223
Infoss,2026-06-18 18:04:35.365929+00,20224
INOV.TI,2026-06-18 18:04:35.365929+00,20225
Inovate,2026-06-18 18:04:35.365929+00,20226
Instituto Lorentz,2026-06-18 18:04:35.365929+00,20227
Instituto Mame Bem,2026-06-18 18:04:35.365929+00,20228
Integratto,2026-06-18 18:04:35.365929+00,20229
Intelbras,2026-06-19 23:18:40.518148+00,20230
Intelidata Informática,2026-06-18 18:04:35.365929+00,20231
INTER POPULAR,2026-06-18 18:04:35.365929+00,20232
Invest Money SA,2026-06-18 18:04:35.365929+00,20233
Iobee,2026-06-18 18:04:35.365929+00,20234
IT.S Tecnologia,2026-06-18 18:04:35.365929+00,20235
ITEB,2026-06-18 18:04:35.365929+00,20236
Izzy Energy,2026-06-18 18:04:35.365929+00,20237
JB Tecidos,2026-06-18 18:04:35.365929+00,20238
JCR Tecnologia,2026-06-18 18:04:35.365929+00,20239
Jetimob,2026-06-18 18:04:35.365929+00,20240
Jogo Global,2026-06-18 18:04:35.365929+00,20241
Joinin,2026-06-18 18:04:35.365929+00,20242
JoomPro Brazil,2026-06-18 18:04:35.365929+00,20243
Jota Autos,2026-06-18 18:04:35.365929+00,20244
Judice,2026-06-18 18:04:35.365929+00,20245
Jump Tecnologia,2026-06-18 18:04:35.365929+00,20246
K2 Incêndio,2026-06-18 18:04:35.365929+00,20247
K2 Poços,2026-06-18 18:04:35.365929+00,20248
Karavela,2026-06-18 18:04:35.365929+00,20250
Kateto,2026-06-18 18:04:35.365929+00,20251
KGMlan Distribuidora,2026-06-18 18:04:35.365929+00,20252
Kit Lanche Express,2026-06-18 18:04:35.365929+00,20253
Kontik Business Travel,2026-06-18 18:04:35.365929+00,20254
Lab2dev,2026-06-18 18:04:35.365929+00,20255
Lalan do Brasil,2026-06-18 18:04:35.365929+00,20256
Laquila Peças,2026-06-18 18:04:35.365929+00,20257
LCM Advisory,2026-06-18 18:04:35.365929+00,20259
Leapfone,2026-06-18 18:04:35.365929+00,20260
Leme,2026-06-18 18:04:35.365929+00,20261
LFC INOX,2026-06-18 18:04:35.365929+00,20262
Libertempo,2026-06-18 18:04:35.365929+00,20263
Liderkraft,2026-06-18 18:04:35.365929+00,20264
Life Sul,2026-06-18 18:04:35.365929+00,20265
LIG DATA,2026-06-18 18:04:35.365929+00,20266
Lince Tech,2026-06-18 18:04:35.365929+00,20267
LOJÃO DAS CLINICAS,2026-06-18 18:04:35.365929+00,20270
LOLDEV,2026-06-18 18:04:35.365929+00,20271
Luminous,2026-06-18 18:04:35.365929+00,20272
Lupa,2026-06-18 18:04:35.365929+00,20273
LÓ SABORES,2026-06-18 18:04:35.365929+00,20274
Magazord,2026-06-18 18:04:35.365929+00,20275
Magic Boards,2026-06-18 18:04:35.365929+00,20276
Mailbiz,2026-06-19 23:22:18.015883+00,20277
Mainhardt,2026-06-18 18:04:35.365929+00,20278
MaltaCare,2026-06-18 18:04:35.365929+00,20279
Maravi,2026-06-18 18:04:35.365929+00,20280
Marrari automação,2026-06-18 18:04:35.365929+00,20281
Masterfil Facas,2026-06-18 18:04:35.365929+00,20282
Matchez,2026-06-18 18:04:35.365929+00,20283
Matriz FIDC,2026-06-18 18:04:35.365929+00,20284
MAVE,2026-06-18 18:04:35.365929+00,20285
Megaforte Tecnologia,2026-06-18 18:04:35.365929+00,20286
Memory Company IT,2026-06-18 18:04:35.365929+00,20287
Menver,2026-06-18 18:04:35.365929+00,20288
Merc,2026-06-18 18:04:35.365929+00,20289
Mestres do Site,2026-06-18 18:04:35.365929+00,20290
Metasix,2026-06-18 18:04:35.365929+00,20291
Metropole4,2026-06-18 18:04:35.365929+00,20292
Meu Patrimônio,2026-06-18 18:04:35.365929+00,20293
Meu.James,2026-06-18 18:04:35.365929+00,20294
Ministério Fiel,2026-06-18 18:04:35.365929+00,20295
Mirian Gontijo Advogados,2026-06-18 18:04:35.365929+00,20296
Mistercheff,2026-06-18 18:04:35.365929+00,20297
Misterpane Ind. e Com. Ltda,2026-06-18 18:04:35.365929+00,20298
MKPE,2026-06-18 18:04:35.365929+00,20299
MODERNATEC,2026-06-18 18:04:35.365929+00,20300
MOIC Digital,2026-06-18 18:04:35.365929+00,20301
Moovery,2026-06-18 18:04:35.365929+00,20302
Moreira Diesel,2026-06-18 18:04:35.365929+00,20303
Moto Matsuo,2026-06-18 18:04:35.365929+00,20304
Move Rental Cars,2026-06-18 18:04:35.365929+00,20305
MovServ,2026-06-18 18:04:35.365929+00,20306
Multcard,2026-06-18 18:04:35.365929+00,20307
Multpex,2026-06-18 18:04:35.365929+00,20308
Mv Tecnologia,2026-06-18 18:04:35.365929+00,20309
My Hotel,2026-06-18 18:04:35.365929+00,20310
Native,2026-06-18 18:04:35.365929+00,20311
Natuzzi,2026-06-18 18:04:35.365929+00,20312
NDVIDA,2026-06-18 18:04:35.365929+00,20313
Neon Lab,2026-06-18 18:04:35.365929+00,20315
Neoron,2026-06-18 18:04:35.365929+00,20316
Netwire Global,2026-06-18 18:04:35.365929+00,20317
New Cleaner,2026-06-18 18:04:35.365929+00,20318
Nimbi,2026-06-18 18:04:35.365929+00,20319
Norten Energia,2026-06-18 18:04:35.365929+00,20320
Nova Capital,2026-06-18 18:04:35.365929+00,20321
Novos Horizontes,2026-06-18 18:04:35.365929+00,20322
Novus Contabilidade,2026-06-18 18:04:35.365929+00,20323
Ns Tech,2026-06-19 23:22:37.362943+00,20324
Nucleo SA,2026-06-18 18:04:35.365929+00,20325
Ocidental Telecom,2026-06-18 18:04:35.365929+00,20326
Olivertech,2026-06-18 18:04:35.365929+00,20328
OMIE,2026-06-18 18:04:35.365929+00,20329
Onfly,2026-06-18 18:04:35.365929+00,20331
OOWE Company,2026-06-18 18:04:35.365929+00,20332
OPCVE,2026-06-18 18:04:35.365929+00,20333
Optimus Sistemas,2026-06-18 18:04:35.365929+00,20334
Orago,2026-06-18 18:04:35.365929+00,20335
Paintech,2026-06-18 18:04:35.365929+00,20336
Panoramas adventure,2026-06-18 18:04:35.365929+00,20337
Paytour,2026-06-18 18:04:35.365929+00,20338
Paytrack Tecnologia,2026-06-18 18:04:35.365929+00,20339
Peak,2026-06-18 18:04:35.365929+00,20340
Performa Marketing e Vendas B2B,2026-06-18 18:04:35.365929+00,20341
Petlove,2026-06-18 18:04:35.365929+00,20342
Petrostar,2026-06-18 18:04:35.365929+00,20343
PHD MASTER,2026-06-18 18:04:35.365929+00,20344
Plano Fiscal Brasil,2026-06-18 18:04:35.365929+00,20345
PlastiON,2026-06-18 18:04:35.365929+00,20346
Plastitalia,2026-06-18 18:04:35.365929+00,20347
PLATINUM RH,2026-06-18 18:04:35.365929+00,20348
Polipack,2026-06-18 18:04:35.365929+00,20349
POPULOS,2026-06-18 18:04:35.365929+00,20350
Portão 3,2026-06-18 18:04:35.365929+00,20351
Pratyc,2026-06-18 18:04:35.365929+00,20352
PRAX,2026-06-18 18:04:35.365929+00,20353
Prestek,2026-06-18 18:04:35.365929+00,20354
Prime Internacional,2026-06-18 18:04:35.365929+00,20356
Proferlux Representações,2026-06-18 18:04:35.365929+00,20358
Prolog App,2026-06-18 18:04:35.365929+00,20359
Propulsão Digital,2026-06-18 18:04:35.365929+00,20360
QSdoBrasil,2026-06-18 18:04:35.365929+00,20361
Quallit,2026-06-18 18:04:35.365929+00,20362
Quickin,2026-06-18 18:04:35.365929+00,20363
Quimesp,2026-06-18 18:04:35.365929+00,20364
Ranger Educação,2026-06-18 18:04:35.365929+00,20365
Rapidoc,2026-06-18 18:04:35.365929+00,20366
Razzi Imóveis,2026-06-18 18:04:35.365929+00,20367
Real filipaper Embalagens,2026-06-18 18:04:35.365929+00,20368
Recrutei,2026-06-18 18:04:35.365929+00,20369
Rede Cico,2026-06-18 18:04:35.365929+00,20370
REITZ,2026-06-18 18:04:35.365929+00,20371
Remake,2026-06-18 18:04:35.365929+00,20372
Renovi Saúde,2026-06-18 18:04:35.365929+00,20373
Reolon,2026-06-18 18:04:35.365929+00,20374
Revanche,2026-06-18 18:04:35.365929+00,20375
Revitta GYM,2026-06-18 18:04:35.365929+00,20376
Ricallradio,2026-06-18 18:04:35.365929+00,20377
Ricknew Seguros,2026-06-18 18:04:35.365929+00,20378
Rillsoft Sistemas,2026-06-18 18:04:35.365929+00,20379
Rio Lar Imóveis,2026-06-18 18:04:35.365929+00,20380
Ritmo do Esporte,2026-06-18 18:04:35.365929+00,20381
RNP,2026-06-18 18:04:35.365929+00,20382
Rocket alive,2026-06-18 18:04:35.365929+00,20383
RocketSeat,2026-06-18 18:04:35.365929+00,20384
Rockfeller Franquias,2026-06-18 18:04:35.365929+00,20385
Rox Partner,2026-06-18 18:04:35.365929+00,20386
RX Marketing Medico,2026-06-18 18:04:35.365929+00,20387
SAB Automação comercial,2026-06-18 18:04:35.365929+00,20388
Sales 3S,2026-06-18 18:04:35.365929+00,20389
Sales Hunter,2026-06-19 23:26:09.151933+00,20390
SaltCode,2026-06-18 18:04:35.365929+00,20391
Sankhya,2026-06-18 18:04:35.365929+00,20392
Santa Ficha,2026-06-18 18:04:35.365929+00,20393
Sapio Digital Marketing,2026-06-18 18:04:35.365929+00,20394
SCA Brasil,2026-06-18 18:04:35.365929+00,20395
Scale Ads,2026-06-18 18:04:35.365929+00,20396
ScaleUp,2026-06-18 18:04:35.365929+00,20397
Selltech,2026-06-18 18:04:35.365929+00,20399
Sementes Lima,2026-06-18 18:04:35.365929+00,20400
SenseUP,2026-06-18 18:04:35.365929+00,20401
Serafin,2026-06-18 18:04:35.365929+00,20402
SG Compliance,2026-06-18 18:04:35.365929+00,20403
Side3,2026-06-18 18:04:35.365929+00,20404
Sinergy Advisors,2026-06-18 18:04:35.365929+00,20405
Siteware,2026-06-18 18:04:35.365929+00,20406
SoCarrão,2026-06-18 18:04:35.365929+00,20407
Solit,2026-06-18 18:04:35.365929+00,20408
Sponte,2026-06-18 18:04:35.365929+00,20409
Spring Solutions,2026-06-18 18:04:35.365929+00,20410
Squib,2026-06-18 18:04:35.365929+00,20411
ST3Tailor,2026-06-18 18:04:35.365929+00,20412
Grupo STOA,2026-06-18 18:04:35.365929+00,20413
Strategicos,2026-06-19 23:26:42.174675+00,20414
Strema,2026-06-18 18:04:35.365929+00,20415
Sudeste Atacado,2026-06-18 18:04:35.365929+00,20416
Supporte Agronegocios,2026-06-18 18:04:35.365929+00,20417
SVC Laser,2026-06-18 18:04:35.365929+00,20418
Tabelando com Tambellini,2026-06-18 18:04:35.365929+00,20419
Take Blip,2026-06-18 18:04:35.365929+00,20420
Talarico Optical,2026-06-18 18:04:35.365929+00,20421
Tax Strategy,2026-06-18 18:04:35.365929+00,20423
Taxflow,2026-06-18 18:04:35.365929+00,20424
Tecnotri,2026-06-18 18:04:35.365929+00,20425
Termall,2026-06-18 18:04:35.365929+00,20426
Terzoni,2026-06-18 18:04:35.365929+00,20428
Theòs Sistemas Eclesiais,2026-06-18 18:04:35.365929+00,20429
Trepis,2026-06-19 23:27:01.215534+00,20430
Traktor,2026-06-18 18:04:35.365929+00,20431
Turivius,2026-06-18 18:04:35.365929+00,20432
TW Alcantara Atacarejo LTDA,2026-06-18 18:04:35.365929+00,20433
Uai Salgados,2026-06-18 18:04:35.365929+00,20434
Univitta Saúde Animal,2026-06-18 18:04:35.365929+00,20435
Unobject,2026-06-18 18:04:35.365929+00,20437
Up Equipamentos,2026-06-18 18:04:35.365929+00,20438
Urbis,2026-06-18 18:04:35.365929+00,20439
V360,2026-06-18 18:04:35.365929+00,20441
Valesoft Tecnologia Ltda,2026-06-18 18:04:35.365929+00,20442
Vasart,2026-06-18 18:04:35.365929+00,20443
VCROOT SEVEN,2026-06-18 18:04:35.365929+00,20444
VEDAMARES,2026-06-18 18:04:35.365929+00,20445
Vertown,2026-06-18 18:04:35.365929+00,20446
Vieira Junior,2026-06-18 18:04:35.365929+00,20447
Vinteo,2026-06-18 18:04:35.365929+00,20450
Virtual Cert,2026-06-18 18:04:35.365929+00,20451
VISÃO SOPRO,2026-06-18 18:04:35.365929+00,20452
VMAX,2026-06-18 18:04:35.365929+00,20453
Voa.delivery,2026-06-18 18:04:35.365929+00,20454
VOE Tecnologia,2026-06-18 18:04:35.365929+00,20455
Volponi Media,2026-06-18 18:04:35.365929+00,20456
VoltBras,2026-06-18 18:04:35.365929+00,20458
VR,2026-06-18 18:04:35.365929+00,20459
VT Soluções,2026-06-18 18:04:35.365929+00,20460
VTurb,2026-06-18 18:04:35.365929+00,20461
We Prime,2026-06-18 18:04:35.365929+00,20462
Welp Combustíveis,2026-06-18 18:04:35.365929+00,20463
Welucci,2026-06-18 18:04:35.365929+00,20464
Winnin,2026-06-18 18:04:35.365929+00,20465
WOBA,2026-06-18 18:04:35.365929+00,20466
Work Inovação,2026-06-18 18:04:35.365929+00,20467
Workflow,2026-06-18 18:04:35.365929+00,20468
WZ Soluções,2026-06-18 18:04:35.365929+00,20469
Youdu,2026-06-18 18:04:35.365929+00,20470
Zahav,2026-06-18 18:04:35.365929+00,20471
Zandu,2026-06-18 18:04:35.365929+00,20472
Zenvia,2026-06-18 18:04:35.365929+00,20473
2P,2026-06-18 18:04:35.365929+00,20474
704Apps,2026-06-18 18:04:35.365929+00,20475
9 BLUE,2026-06-18 18:04:35.365929+00,20476
ALS,2026-06-18 18:04:35.365929+00,20477
Adstart,2026-06-18 18:04:35.365929+00,20478
Agility Consulting,2026-06-18 18:04:35.365929+00,20479
AgroApp,2026-06-18 18:04:35.365929+00,20480
Aira,2026-06-18 18:04:35.365929+00,20481
Amazon Flora,2026-06-18 18:04:35.365929+00,20483
Anfitriões de Aluguel,2026-06-18 18:04:35.365929+00,20484
Archivio Brasil,2026-06-18 18:04:35.365929+00,20485
Arco Educação,2026-06-18 18:04:35.365929+00,20486
Arizona multimarcas,2026-06-18 18:04:35.365929+00,20487
Artiq,2026-06-18 18:04:35.365929+00,20488
BDSolution,2026-06-18 18:04:35.365929+00,20489
BQ Distribuidora,2026-06-18 18:04:35.365929+00,20490
Balboa Importadora,2026-06-18 18:04:35.365929+00,20491
Bialog Transporte e Logística S/A,2026-06-18 18:04:35.365929+00,20492
Bold Solution,2026-06-18 18:04:35.365929+00,20493
Bomma,2026-06-18 18:04:35.365929+00,20494
Brazil Sistem,2026-06-18 18:04:35.365929+00,20495
CVortex,2026-06-18 18:04:35.365929+00,20496
Cervejaria Kairós,2026-06-18 18:04:35.365929+00,20498
Chinelli,2026-06-18 18:04:35.365929+00,20499
Clinicorp,2026-06-18 18:04:35.365929+00,20500
ConstruConnect,2026-06-18 18:04:35.365929+00,20501
Cooplider,2026-06-18 18:04:35.365929+00,20502
Cubos Tecnologia,2026-06-18 18:04:35.365929+00,20503
DMS,2026-06-18 18:04:35.365929+00,20504
DMS Digital,2026-06-18 18:04:35.365929+00,20505
DRT Sistemas,2026-06-18 18:04:35.365929+00,20506
Das meninas,2026-06-18 18:04:35.365929+00,20507
Datum,2026-06-18 18:04:35.365929+00,20508
Davidtex,2026-06-18 18:04:35.365929+00,20509
Doss Group,2026-06-18 18:04:35.365929+00,20510
EOLEN,2026-06-18 18:04:35.365929+00,20511
Easy,2026-06-18 18:04:35.365929+00,20512
ElevaRoi,2026-06-18 18:04:35.365929+00,20513
Ella Technologies,2026-06-18 18:04:35.365929+00,20514
Espaço ybá,2026-06-18 18:04:35.365929+00,20516
Estúdio Morada Lab + Partners,2026-06-18 18:04:35.365929+00,20517
Etiqueta Certa,2026-06-18 18:04:35.365929+00,20518
F&G Seguro Garantia,2026-06-18 18:04:35.365929+00,20519
FA Defumados,2026-06-18 18:04:35.365929+00,20520
FGF Fundidos Especiais,2026-06-18 18:04:35.365929+00,20521
FLP Contábil,2026-06-18 18:04:35.365929+00,20522
FRST Falconi,2026-06-18 18:04:35.365929+00,20523
FULLFIT,2026-06-18 18:04:35.365929+00,20524
Fortbrasil,2026-06-18 18:04:35.365929+00,20527
GNM Engenharia,2026-06-18 18:04:35.365929+00,20528
GOAT Digital,2026-06-18 18:04:35.365929+00,20529
GTech,2026-06-18 18:04:35.365929+00,20530
GZV,2026-06-18 18:04:35.365929+00,20531
Galapagos,2026-06-18 18:04:35.365929+00,20532
Gecal,2026-06-18 18:04:35.365929+00,20534
Grupo IP Digital,2026-06-18 18:04:35.365929+00,20535
Grupo Naju Cosméticos,2026-06-18 18:04:35.365929+00,20536
Grupo Unifica,2026-06-18 18:04:35.365929+00,20538
Hey Peppers,2026-06-18 18:04:35.365929+00,20539
Hubee,2026-06-18 18:04:35.365929+00,20540
Hytec,2026-06-18 18:04:35.365929+00,20541
Icom Marketing,2026-06-18 18:04:35.365929+00,20542
Ideia Clara,2026-06-18 18:04:35.365929+00,20543
Iglu,2026-06-18 18:04:35.365929+00,20544
ImportsBR,2026-06-18 18:04:35.365929+00,20545
Imóvel Delivery,2026-06-18 18:04:35.365929+00,20546
Inovamotion Industria e tecnologia Ltda,2026-06-18 18:04:35.365929+00,20547
Joinly,2026-06-18 18:04:35.365929+00,20549
Kalashi Marcas e Patentes,2026-06-18 18:04:35.365929+00,20550
Limonada Pink,2026-06-18 18:04:35.365929+00,20551
Luma Digital,2026-06-18 18:04:35.365929+00,20552
Luxx Energy,2026-06-18 18:04:35.365929+00,20553
MCFO,2026-06-18 18:04:35.365929+00,20554
MSTI Automação,2026-06-18 18:04:35.365929+00,20555
Make Distribuidora,2026-06-18 18:04:35.365929+00,20556
Mannesoft,2026-06-18 18:04:35.365929+00,20557
Meta Empreendedorismo,2026-06-18 18:04:35.365929+00,20558
Metalnobre e Sissa Garcia,2026-06-18 18:04:35.365929+00,20559
Mettle,2026-06-18 18:04:35.365929+00,20560
Midrah,2026-06-18 18:04:35.365929+00,20561
NeoOptical,2026-06-18 18:04:35.365929+00,20562
Netconsulting,2026-06-18 18:04:35.365929+00,20563
Nex Hunter,2026-06-18 18:04:35.365929+00,20564
Nexttep,2026-06-18 18:04:35.365929+00,20565
Noroagro,2026-06-18 18:04:35.365929+00,20566
Nosso Sabor Sorvetes,2026-06-18 18:04:35.365929+00,20567
Novvo Pré Drink,2026-06-18 18:04:35.365929+00,20568
Nuvme,2026-06-18 18:04:35.365929+00,20569
Onda comunicação,2026-06-18 18:04:35.365929+00,20570
Optima Company,2026-06-18 18:04:35.365929+00,20571
Patrimonial,2026-06-18 18:04:35.365929+00,20572
Piloto Plásticos,2026-06-18 18:04:35.365929+00,20573
Premium Recebíveis,2026-06-18 18:04:35.365929+00,20575
Prime ingredientes,2026-06-18 18:04:35.365929+00,20576
PrimeSail,2026-06-18 18:04:35.365929+00,20577
Proativa Jr,2026-06-18 18:04:35.365929+00,20578
Projetryx,2026-06-18 18:04:35.365929+00,20579
Prospecta Nerus,2026-06-18 18:04:35.365929+00,20580
Puba,2026-06-18 18:04:35.365929+00,20581
Quero Stone,2026-06-18 18:04:35.365929+00,20582
Razzera,2026-06-18 18:04:35.365929+00,20583
Rede Parcerias,2026-06-18 18:04:35.365929+00,20584
Rental,2026-06-18 18:04:35.365929+00,20585
SALOG,2026-06-18 18:04:35.365929+00,20586
SEAPS,2026-06-18 18:04:35.365929+00,20587
Scala,2026-06-18 18:04:35.365929+00,20588
Sem Fronteiras Ultrafibra,2026-06-18 18:04:35.365929+00,20589
Serra do Mar Engenharia,2026-06-18 18:04:35.365929+00,20590
Setec Consulting,2026-06-18 18:04:35.365929+00,20591
SmartSolve,2026-06-18 18:04:35.365929+00,20592
Smartly,2026-06-18 18:04:35.365929+00,20593
SolarVolt,2026-06-18 18:04:35.365929+00,20594
Sommerfeld,2026-06-18 18:04:35.365929+00,20595
Space Online,2026-06-18 18:04:35.365929+00,20596
Squad Terceirização,2026-06-18 18:04:35.365929+00,20597
SuitPay,2026-06-18 18:04:35.365929+00,20598
Swile,2026-06-18 18:04:35.365929+00,20599
Swile Brasil,2026-06-18 18:04:35.365929+00,20600
T Y Locações,2026-06-18 18:04:35.365929+00,20601
TR EPIS,2026-06-18 18:04:35.365929+00,20602
Tecnoventi,2026-06-18 18:04:35.365929+00,20603
Tornearia São Jorge,2026-06-18 18:04:35.365929+00,20604
Tricostura,2026-06-18 18:04:35.365929+00,20605
Triven,2026-06-18 18:04:35.365929+00,20606
Tropical Color,2026-06-18 18:04:35.365929+00,20607
Ultrafreu,2026-06-18 18:04:35.365929+00,20608
V4 Company Franquia RPZ&Co são josé dos campos,2026-06-18 18:04:35.365929+00,20609
Vixtra,2026-06-18 18:04:35.365929+00,20610
Yalo,2026-06-18 18:04:35.365929+00,20612
Zeraus,2026-06-18 18:04:35.365929+00,20613
Zeros à DIreita,2026-06-18 18:04:35.365929+00,20614
escola do mecânico hortolândia,2026-06-18 18:04:35.365929+00,20615
iSales CRM,2026-06-18 18:04:35.365929+00,20616
Revfy,2026-06-18 18:04:35.365929+00,20617